{"cameraMode":{"drawMode":0,"name":"Shaded","section":"Shading Mode"},"sceneLighting":false,"audioPlay":false,"sceneViewState":{"showFog":true,"showMaterialUpdate":false,"showSkybox":false,"showFlares":true,"showImageEffects":true,"showParticleSystems":true},"in2DMode":false,"pivot":{"x":-11.659574508666993,"y":0.44823670387268069,"z":16.45457649230957},"rotation":{"x":0.09406376630067826,"y":-0.2562428116798401,"z":0.02506317012012005,"w":0.9617000818252564},"size":19.823698043823243,"orthographic":true}