{"cameraMode":{"drawMode":0,"name":"Shaded","section":"Shading Mode"},"sceneLighting":false,"audioPlay":false,"sceneViewState":{"showFog":true,"showMaterialUpdate":false,"showSkybox":false,"showFlares":true,"showImageEffects":true,"showParticleSystems":true},"in2DMode":false,"pivot":{"x":-0.774856686592102,"y":-0.6744673252105713,"z":1.7539114952087403},"rotation":{"x":-0.3413740396499634,"y":-0.14524558186531068,"z":0.053481575101614,"w":-0.9271029829978943},"size":11.086350440979004,"orthographic":false}